[
  {
    "id": "8a408752-c8a9-4476-bc1d-a9292f2e33be",
    "data": [
      {
        "text": "Where can I ask questions",
        "userDefined": false
      }
    ],
    "isTemplate": false,
    "count": 0,
    "lang": "en",
    "updated": 0
  },
  {
    "id": "4aad7639-a72a-4217-adfa-2bd2bebf62b2",
    "data": [
      {
        "text": "I need help",
        "userDefined": false
      }
    ],
    "isTemplate": false,
    "count": 0,
    "lang": "en",
    "updated": 0
  },
  {
    "id": "212d32d4-ac8c-4388-8b63-a79e1ff4b035",
    "data": [
      {
        "text": "How can I contact you",
        "userDefined": false
      }
    ],
    "isTemplate": false,
    "count": 0,
    "lang": "en",
    "updated": 0
  }
]