[
  {
    "id": "77ab8ecd-b523-4233-b0c2-72b6d6880e8c",
    "data": [
      {
        "text": "How can I submit my resume",
        "userDefined": false
      }
    ],
    "isTemplate": false,
    "count": 0,
    "lang": "en",
    "updated": 0
  },
  {
    "id": "f93735b2-1b83-4c20-b614-31f83ad8cc9f",
    "data": [
      {
        "text": "Application process",
        "userDefined": false
      }
    ],
    "isTemplate": false,
    "count": 0,
    "lang": "en",
    "updated": 0
  },
  {
    "id": "6ea51ddf-7444-4630-8a2f-125bd23bb34c",
    "data": [
      {
        "text": "What are the steps to apply",
        "userDefined": false
      }
    ],
    "isTemplate": false,
    "count": 0,
    "lang": "en",
    "updated": 0
  },
  {
    "id": "413e9d6b-0b63-45e6-8fa0-cbf935c0c9ba",
    "data": [
      {
        "text": "How do I apply",
        "userDefined": false
      }
    ],
    "isTemplate": false,
    "count": 0,
    "lang": "en",
    "updated": 0
  }
]