[
  {
    "id": "f00501a9-3094-4b39-916f-46cd865adcfc",
    "data": [
      {
        "text": "Is internship paid",
        "userDefined": false
      }
    ],
    "isTemplate": false,
    "count": 0,
    "lang": "en",
    "updated": 0
  },
  {
    "id": "0bfaf036-decb-450d-b88e-f8611f715f0f",
    "data": [
      {
        "text": "How can I apply for internship",
        "userDefined": false
      }
    ],
    "isTemplate": false,
    "count": 0,
    "lang": "en",
    "updated": 0
  },
  {
    "id": "f448bca5-5a98-4551-932d-ff453ee4f82c",
    "data": [
      {
        "text": "Tell me about internship",
        "userDefined": false
      }
    ],
    "isTemplate": false,
    "count": 0,
    "lang": "en",
    "updated": 0
  },
  {
    "id": "5d1fa73f-ec53-45f1-9f2d-a3458643d722",
    "data": [
      {
        "text": "What is internship process?",
        "userDefined": false
      }
    ],
    "isTemplate": false,
    "count": 0,
    "lang": "en",
    "updated": 0
  }
]