[
  {
    "id": "0d7ac32a-636b-404f-8c3e-fef8e0118bec",
    "data": [
      {
        "text": "What is your mission",
        "userDefined": false
      }
    ],
    "isTemplate": false,
    "count": 0,
    "lang": "en",
    "updated": 0
  },
  {
    "id": "372c19d4-d87e-4dfa-8c54-104d140d2708",
    "data": [
      {
        "text": "What does your company do",
        "userDefined": false
      }
    ],
    "isTemplate": false,
    "count": 0,
    "lang": "en",
    "updated": 0
  },
  {
    "id": "6a599efa-7ed4-407e-9508-8a4fea82cf57",
    "data": [
      {
        "text": "Tell me about your organisation",
        "userDefined": false
      }
    ],
    "isTemplate": false,
    "count": 0,
    "lang": "en",
    "updated": 0
  }
]